time,v
0.000000000000000000e+00,-8.725258636474609375e+01
1.000000000000000000e+00,-8.732413482666015625e+01
2.000000000000000000e+00,-8.738217163085937500e+01
3.000000000000000000e+00,-8.742914581298828125e+01
4.000000000000000000e+00,-8.746703338623046875e+01
5.000000000000000000e+00,-8.749751281738281250e+01
6.000000000000000000e+00,-8.752194976806640625e+01
7.000000000000000000e+00,-8.754147338867187500e+01
8.000000000000000000e+00,-8.755701446533203125e+01
9.000000000000000000e+00,-8.756933593750000000e+01
1.000000000000000000e+01,-8.717903137207031250e+01
1.100000000000000000e+01,-4.704818725585937500e+01
1.200000000000000000e+01,5.969004440307617188e+01
1.300000000000000000e+01,5.018146896362304688e+01
1.400000000000000000e+01,3.897697830200195312e+01
1.500000000000000000e+01,2.869918251037597656e+01
1.600000000000000000e+01,2.042266273498535156e+01
1.700000000000000000e+01,1.417150497436523438e+01
1.800000000000000000e+01,9.671113967895507812e+00
1.900000000000000000e+01,6.735308170318603516e+00
2.000000000000000000e+01,4.599923610687255859e+00
2.100000000000000000e+01,2.962087869644165039e+00
2.200000000000000000e+01,1.670720458030700684e+00
2.300000000000000000e+01,4.566749036312103271e-01
2.400000000000000000e+01,-1.637918688356876373e-02
2.500000000000000000e+01,-4.939427077770233154e-01
2.600000000000000000e+01,-8.739365339279174805e-01
2.700000000000000000e+01,-1.268146157264709473e+00
2.800000000000000000e+01,-1.441918253898620605e+00
2.900000000000000000e+01,-1.510640978813171387e+00
3.000000000000000000e+01,-1.256887078285217285e+00
3.100000000000000000e+01,-1.211645722389221191e+00
3.200000000000000000e+01,-1.107579946517944336e+00
3.300000000000000000e+01,-1.012080430984497070e+00
3.400000000000000000e+01,-7.668469548225402832e-01
3.500000000000000000e+01,-3.939595222473144531e-01
3.600000000000000000e+01,1.458528488874435425e-01
3.700000000000000000e+01,9.321638345718383789e-01
3.800000000000000000e+01,1.762681245803833008e+00
3.900000000000000000e+01,2.339990854263305664e+00
4.000000000000000000e+01,2.959062814712524414e+00
4.100000000000000000e+01,3.634090662002563477e+00
4.200000000000000000e+01,4.439966678619384766e+00
4.300000000000000000e+01,5.383385658264160156e+00
4.400000000000000000e+01,6.018409252166748047e+00
4.500000000000000000e+01,6.571960926055908203e+00
4.600000000000000000e+01,7.071323394775390625e+00
4.700000000000000000e+01,8.054305076599121094e+00
4.800000000000000000e+01,8.720730781555175781e+00
4.900000000000000000e+01,9.331796646118164062e+00
5.000000000000000000e+01,9.938409805297851562e+00
5.100000000000000000e+01,1.049740791320800781e+01
5.200000000000000000e+01,1.116445636749267578e+01
5.300000000000000000e+01,1.184261131286621094e+01
5.400000000000000000e+01,1.229518413543701172e+01
5.500000000000000000e+01,1.280830764770507812e+01
5.600000000000000000e+01,1.333589363098144531e+01
5.700000000000000000e+01,1.366501808166503906e+01
5.800000000000000000e+01,1.403482627868652344e+01
5.900000000000000000e+01,1.448239612579345703e+01
6.000000000000000000e+01,1.486118030548095703e+01
6.100000000000000000e+01,1.530357170104980469e+01
6.200000000000000000e+01,1.555611038208007812e+01
6.300000000000000000e+01,1.600307846069335938e+01
6.400000000000000000e+01,1.635751914978027344e+01
6.500000000000000000e+01,1.672345924377441406e+01
6.600000000000000000e+01,1.712633514404296875e+01
6.700000000000000000e+01,1.729285621643066406e+01
6.800000000000000000e+01,1.734894752502441406e+01
6.900000000000000000e+01,1.755158233642578125e+01
7.000000000000000000e+01,1.781363105773925781e+01
7.100000000000000000e+01,1.793904113769531250e+01
7.200000000000000000e+01,1.806407356262207031e+01
7.300000000000000000e+01,1.809147453308105469e+01
7.400000000000000000e+01,1.807909774780273438e+01
7.500000000000000000e+01,1.811923408508300781e+01
7.600000000000000000e+01,1.828268814086914062e+01
7.700000000000000000e+01,1.851787567138671875e+01
7.800000000000000000e+01,1.863652420043945312e+01
7.900000000000000000e+01,1.872765350341796875e+01
8.000000000000000000e+01,1.877279853820800781e+01
8.100000000000000000e+01,1.881965827941894531e+01
8.200000000000000000e+01,1.890811157226562500e+01
8.300000000000000000e+01,1.901439094543457031e+01
8.400000000000000000e+01,1.906999969482421875e+01
8.500000000000000000e+01,1.900185394287109375e+01
8.600000000000000000e+01,1.920575332641601562e+01
8.700000000000000000e+01,1.912341880798339844e+01
8.800000000000000000e+01,1.918146896362304688e+01
8.900000000000000000e+01,1.916001701354980469e+01
9.000000000000000000e+01,1.925886154174804688e+01
9.100000000000000000e+01,1.932464599609375000e+01
9.200000000000000000e+01,1.927414131164550781e+01
9.300000000000000000e+01,1.921007156372070312e+01
9.400000000000000000e+01,1.918023109436035156e+01
9.500000000000000000e+01,1.929149627685546875e+01
9.600000000000000000e+01,1.917991638183593750e+01
9.700000000000000000e+01,1.928588485717773438e+01
9.800000000000000000e+01,1.933057212829589844e+01
9.900000000000000000e+01,1.939428329467773438e+01
1.000000000000000000e+02,1.935252380371093750e+01
1.010000000000000000e+02,1.935181045532226562e+01
1.020000000000000000e+02,1.927862739562988281e+01
1.030000000000000000e+02,1.925470733642578125e+01
1.040000000000000000e+02,1.911103248596191406e+01
1.050000000000000000e+02,1.905046653747558594e+01
1.060000000000000000e+02,1.895467567443847656e+01
1.070000000000000000e+02,1.902447509765625000e+01
1.080000000000000000e+02,1.901864814758300781e+01
1.090000000000000000e+02,1.908918571472167969e+01
1.100000000000000000e+02,1.902473068237304688e+01
1.110000000000000000e+02,1.883854293823242188e+01
1.120000000000000000e+02,1.866257286071777344e+01
1.130000000000000000e+02,1.861258506774902344e+01
1.140000000000000000e+02,1.854367828369140625e+01
1.150000000000000000e+02,1.845177459716796875e+01
1.160000000000000000e+02,1.849935722351074219e+01
1.170000000000000000e+02,1.852490425109863281e+01
1.180000000000000000e+02,1.859307670593261719e+01
1.190000000000000000e+02,1.848068237304687500e+01
1.200000000000000000e+02,1.844283485412597656e+01
1.210000000000000000e+02,1.827237510681152344e+01
1.220000000000000000e+02,1.817051315307617188e+01
1.230000000000000000e+02,1.811785316467285156e+01
1.240000000000000000e+02,1.801259803771972656e+01
1.250000000000000000e+02,1.786803436279296875e+01
1.260000000000000000e+02,1.783186531066894531e+01
1.270000000000000000e+02,1.778453254699707031e+01
1.280000000000000000e+02,1.768022727966308594e+01
1.290000000000000000e+02,1.759105300903320312e+01
1.300000000000000000e+02,1.759685897827148438e+01
1.310000000000000000e+02,1.754797744750976562e+01
1.320000000000000000e+02,1.749729919433593750e+01
1.330000000000000000e+02,1.730220985412597656e+01
1.340000000000000000e+02,1.724341392517089844e+01
1.350000000000000000e+02,1.721517944335937500e+01
1.360000000000000000e+02,1.696067428588867188e+01
1.370000000000000000e+02,1.680304145812988281e+01
1.380000000000000000e+02,1.682435607910156250e+01
1.390000000000000000e+02,1.665517425537109375e+01
1.400000000000000000e+02,1.645780944824218750e+01
1.410000000000000000e+02,1.629037475585937500e+01
1.420000000000000000e+02,1.629531097412109375e+01
1.430000000000000000e+02,1.621512413024902344e+01
1.440000000000000000e+02,1.600859832763671875e+01
1.450000000000000000e+02,1.592550659179687500e+01
1.460000000000000000e+02,1.585221481323242188e+01
1.470000000000000000e+02,1.587097740173339844e+01
1.480000000000000000e+02,1.577256488800048828e+01
1.490000000000000000e+02,1.565030479431152344e+01
1.500000000000000000e+02,1.551459980010986328e+01
1.510000000000000000e+02,1.539564800262451172e+01
1.520000000000000000e+02,1.537446784973144531e+01
1.530000000000000000e+02,1.525869369506835938e+01
1.540000000000000000e+02,1.511847782135009766e+01
1.550000000000000000e+02,1.489936256408691406e+01
1.560000000000000000e+02,1.487358760833740234e+01
1.570000000000000000e+02,1.483974552154541016e+01
1.580000000000000000e+02,1.472297382354736328e+01
1.590000000000000000e+02,1.461535263061523438e+01
1.600000000000000000e+02,1.437794780731201172e+01
1.610000000000000000e+02,1.424555301666259766e+01
1.620000000000000000e+02,1.416505718231201172e+01
1.630000000000000000e+02,1.402126121520996094e+01
1.640000000000000000e+02,1.378948307037353516e+01
1.650000000000000000e+02,1.372286128997802734e+01
1.660000000000000000e+02,1.376904010772705078e+01
1.670000000000000000e+02,1.354302501678466797e+01
1.680000000000000000e+02,1.335599994659423828e+01
1.690000000000000000e+02,1.338563156127929688e+01
1.700000000000000000e+02,1.322721576690673828e+01
1.710000000000000000e+02,1.318808841705322266e+01
1.720000000000000000e+02,1.319979286193847656e+01
1.730000000000000000e+02,1.316816234588623047e+01
1.740000000000000000e+02,1.287378406524658203e+01
1.750000000000000000e+02,1.267531871795654297e+01
1.760000000000000000e+02,1.251625251770019531e+01
1.770000000000000000e+02,1.239958381652832031e+01
1.780000000000000000e+02,1.229796981811523438e+01
1.790000000000000000e+02,1.208129310607910156e+01
1.800000000000000000e+02,1.202472972869873047e+01
1.810000000000000000e+02,1.186760044097900391e+01
1.820000000000000000e+02,1.175580215454101562e+01
1.830000000000000000e+02,1.140767765045166016e+01
1.840000000000000000e+02,1.151126098632812500e+01
1.850000000000000000e+02,1.124951553344726562e+01
1.860000000000000000e+02,1.127195835113525391e+01
1.870000000000000000e+02,1.116500091552734375e+01
1.880000000000000000e+02,1.102010154724121094e+01
1.890000000000000000e+02,1.090266132354736328e+01
1.900000000000000000e+02,1.074271583557128906e+01
1.910000000000000000e+02,1.073176002502441406e+01
1.920000000000000000e+02,1.068642234802246094e+01
1.930000000000000000e+02,1.072198867797851562e+01
1.940000000000000000e+02,1.073631095886230469e+01
1.950000000000000000e+02,1.058089542388916016e+01
1.960000000000000000e+02,1.044537067413330078e+01
1.970000000000000000e+02,1.029513168334960938e+01
1.980000000000000000e+02,1.014097499847412109e+01
1.990000000000000000e+02,1.016543769836425781e+01
2.000000000000000000e+02,1.007818317413330078e+01
2.010000000000000000e+02,9.906298637390136719e+00
2.020000000000000000e+02,9.859593391418457031e+00
2.030000000000000000e+02,9.945629119873046875e+00
2.040000000000000000e+02,9.942659378051757812e+00
2.050000000000000000e+02,9.637776374816894531e+00
2.060000000000000000e+02,9.670803070068359375e+00
2.070000000000000000e+02,9.452049255371093750e+00
2.080000000000000000e+02,9.136212348937988281e+00
2.090000000000000000e+02,8.967558860778808594e+00
2.100000000000000000e+02,8.834802627563476562e+00
2.110000000000000000e+02,8.641739845275878906e+00
2.120000000000000000e+02,8.535316467285156250e+00
2.130000000000000000e+02,8.472620010375976562e+00
2.140000000000000000e+02,8.338804244995117188e+00
2.150000000000000000e+02,8.181475639343261719e+00
2.160000000000000000e+02,8.175152778625488281e+00
2.170000000000000000e+02,7.923751831054687500e+00
2.180000000000000000e+02,7.872375488281250000e+00
2.190000000000000000e+02,7.769557952880859375e+00
2.200000000000000000e+02,7.825809478759765625e+00
2.210000000000000000e+02,7.850962162017822266e+00
2.220000000000000000e+02,7.648897171020507812e+00
2.230000000000000000e+02,7.579428195953369141e+00
2.240000000000000000e+02,7.463336467742919922e+00
2.250000000000000000e+02,7.299848556518554688e+00
2.260000000000000000e+02,7.168749809265136719e+00
2.270000000000000000e+02,7.069438457489013672e+00
2.280000000000000000e+02,6.777573585510253906e+00
2.290000000000000000e+02,6.630414485931396484e+00
2.300000000000000000e+02,6.538679599761962891e+00
2.310000000000000000e+02,6.425791263580322266e+00
2.320000000000000000e+02,6.290776729583740234e+00
2.330000000000000000e+02,6.251693725585937500e+00
2.340000000000000000e+02,6.173342704772949219e+00
2.350000000000000000e+02,6.053637981414794922e+00
2.360000000000000000e+02,5.855479240417480469e+00
2.370000000000000000e+02,5.588255882263183594e+00
2.380000000000000000e+02,5.407021999359130859e+00
2.390000000000000000e+02,5.243946075439453125e+00
2.400000000000000000e+02,5.140371322631835938e+00
2.410000000000000000e+02,4.982618331909179688e+00
2.420000000000000000e+02,4.854408740997314453e+00
2.430000000000000000e+02,4.666958332061767578e+00
2.440000000000000000e+02,4.445728302001953125e+00
2.450000000000000000e+02,4.352469444274902344e+00
2.460000000000000000e+02,4.194143772125244141e+00
2.470000000000000000e+02,3.906073570251464844e+00
2.480000000000000000e+02,3.990275621414184570e+00
2.490000000000000000e+02,3.796755075454711914e+00
2.500000000000000000e+02,3.779987335205078125e+00
2.510000000000000000e+02,3.643642187118530273e+00
2.520000000000000000e+02,3.239105701446533203e+00
2.530000000000000000e+02,3.200432062149047852e+00
2.540000000000000000e+02,3.122017145156860352e+00
2.550000000000000000e+02,2.889331579208374023e+00
2.560000000000000000e+02,2.923691034317016602e+00
2.570000000000000000e+02,2.895753383636474609e+00
2.580000000000000000e+02,2.693241834640502930e+00
2.590000000000000000e+02,2.457514286041259766e+00
2.600000000000000000e+02,2.330529689788818359e+00
2.610000000000000000e+02,1.952469229698181152e+00
2.620000000000000000e+02,1.770817875862121582e+00
2.630000000000000000e+02,1.648308515548706055e+00
2.640000000000000000e+02,1.510607838630676270e+00
2.650000000000000000e+02,1.333911776542663574e+00
2.660000000000000000e+02,1.292279601097106934e+00
2.670000000000000000e+02,1.178019046783447266e+00
2.680000000000000000e+02,9.354459047317504883e-01
2.690000000000000000e+02,8.110702037811279297e-01
2.700000000000000000e+02,6.358913183212280273e-01
2.710000000000000000e+02,4.763300120830535889e-01
2.720000000000000000e+02,1.858692318201065063e-01
2.730000000000000000e+02,-2.403488010168075562e-02
2.740000000000000000e+02,-3.490813672542572021e-01
2.750000000000000000e+02,-3.462738692760467529e-01
2.760000000000000000e+02,-6.023888587951660156e-01
2.770000000000000000e+02,-7.978873252868652344e-01
2.780000000000000000e+02,-9.113292694091796875e-01
2.790000000000000000e+02,-1.021263360977172852e+00
2.800000000000000000e+02,-1.388082861900329590e+00
2.810000000000000000e+02,-1.508288860321044922e+00
2.820000000000000000e+02,-1.732847452163696289e+00
2.830000000000000000e+02,-1.856271028518676758e+00
2.840000000000000000e+02,-2.128515958786010742e+00
2.850000000000000000e+02,-2.269513130187988281e+00
2.860000000000000000e+02,-2.506414413452148438e+00
2.870000000000000000e+02,-2.746720552444458008e+00
2.880000000000000000e+02,-3.029797554016113281e+00
2.890000000000000000e+02,-3.122439861297607422e+00
2.900000000000000000e+02,-3.340020179748535156e+00
2.910000000000000000e+02,-3.619832754135131836e+00
2.920000000000000000e+02,-4.155109405517578125e+00
2.930000000000000000e+02,-4.626811981201171875e+00
2.940000000000000000e+02,-4.997740745544433594e+00
2.950000000000000000e+02,-5.361983299255371094e+00
2.960000000000000000e+02,-5.520309925079345703e+00
2.970000000000000000e+02,-5.988190174102783203e+00
2.980000000000000000e+02,-6.482155799865722656e+00
2.990000000000000000e+02,-6.866095542907714844e+00
3.000000000000000000e+02,-7.457031726837158203e+00
3.010000000000000000e+02,-7.946892738342285156e+00
3.020000000000000000e+02,-8.437525749206542969e+00
3.030000000000000000e+02,-8.845878601074218750e+00
3.040000000000000000e+02,-9.440983772277832031e+00
3.050000000000000000e+02,-1.005209445953369141e+01
3.060000000000000000e+02,-1.077533817291259766e+01
3.070000000000000000e+02,-1.149785137176513672e+01
3.080000000000000000e+02,-1.216188526153564453e+01
3.090000000000000000e+02,-1.289415740966796875e+01
3.100000000000000000e+02,-1.354145240783691406e+01
3.110000000000000000e+02,-1.430071353912353516e+01
3.120000000000000000e+02,-1.529464054107666016e+01
3.130000000000000000e+02,-1.619356346130371094e+01
3.140000000000000000e+02,-1.714800262451171875e+01
3.150000000000000000e+02,-1.813719177246093750e+01
3.160000000000000000e+02,-1.905025672912597656e+01
3.170000000000000000e+02,-2.005896759033203125e+01
3.180000000000000000e+02,-2.127974319458007812e+01
3.190000000000000000e+02,-2.248838615417480469e+01
3.200000000000000000e+02,-2.375488662719726562e+01
3.210000000000000000e+02,-2.492349433898925781e+01
3.220000000000000000e+02,-2.613570213317871094e+01
3.230000000000000000e+02,-2.742893218994140625e+01
3.240000000000000000e+02,-2.872657585144042969e+01
3.250000000000000000e+02,-3.003335952758789062e+01
3.260000000000000000e+02,-3.147830009460449219e+01
3.270000000000000000e+02,-3.281328201293945312e+01
3.280000000000000000e+02,-3.422930145263671875e+01
3.290000000000000000e+02,-3.577023696899414062e+01
3.300000000000000000e+02,-3.727641677856445312e+01
3.310000000000000000e+02,-3.874762344360351562e+01
3.320000000000000000e+02,-4.029497528076171875e+01
3.330000000000000000e+02,-4.188226318359375000e+01
3.340000000000000000e+02,-4.338109207153320312e+01
3.350000000000000000e+02,-4.489593124389648438e+01
3.360000000000000000e+02,-4.644625091552734375e+01
3.370000000000000000e+02,-4.810184860229492188e+01
3.380000000000000000e+02,-4.977141571044921875e+01
3.390000000000000000e+02,-5.142361068725585938e+01
3.400000000000000000e+02,-5.307712936401367188e+01
3.410000000000000000e+02,-5.469686126708984375e+01
3.420000000000000000e+02,-5.637603759765625000e+01
3.430000000000000000e+02,-5.809898376464843750e+01
3.440000000000000000e+02,-5.980733108520507812e+01
3.450000000000000000e+02,-6.153869247436523438e+01
3.460000000000000000e+02,-6.326920318603515625e+01
3.470000000000000000e+02,-6.497138977050781250e+01
3.480000000000000000e+02,-6.668038940429687500e+01
3.490000000000000000e+02,-6.834181976318359375e+01
3.500000000000000000e+02,-6.998900604248046875e+01
3.510000000000000000e+02,-7.158549499511718750e+01
3.520000000000000000e+02,-7.311714172363281250e+01
3.530000000000000000e+02,-7.457024383544921875e+01
3.540000000000000000e+02,-7.590847778320312500e+01
3.550000000000000000e+02,-7.717301940917968750e+01
3.560000000000000000e+02,-7.833126831054687500e+01
3.570000000000000000e+02,-7.938038635253906250e+01
3.580000000000000000e+02,-8.032085418701171875e+01
3.590000000000000000e+02,-8.115608978271484375e+01
3.600000000000000000e+02,-8.189179992675781250e+01
3.610000000000000000e+02,-8.253527832031250000e+01
3.620000000000000000e+02,-8.309474182128906250e+01
3.630000000000000000e+02,-8.357871246337890625e+01
3.640000000000000000e+02,-8.399587249755859375e+01
3.650000000000000000e+02,-8.435435485839843750e+01
3.660000000000000000e+02,-8.466181182861328125e+01
3.670000000000000000e+02,-8.492514038085937500e+01
3.680000000000000000e+02,-8.515057373046875000e+01
3.690000000000000000e+02,-8.534371948242187500e+01
3.700000000000000000e+02,-8.550933837890625000e+01
3.710000000000000000e+02,-8.565164947509765625e+01
3.720000000000000000e+02,-8.577425384521484375e+01
3.730000000000000000e+02,-8.588021850585937500e+01
3.740000000000000000e+02,-8.597218322753906250e+01
3.750000000000000000e+02,-8.602586364746093750e+01
3.760000000000000000e+02,-8.610073852539062500e+01
3.770000000000000000e+02,-8.616645050048828125e+01
3.780000000000000000e+02,-8.622447204589843750e+01
3.790000000000000000e+02,-8.627598571777343750e+01
3.800000000000000000e+02,-8.632202911376953125e+01
3.810000000000000000e+02,-8.636342620849609375e+01
3.820000000000000000e+02,-8.640089416503906250e+01
3.830000000000000000e+02,-8.643504333496093750e+01
3.840000000000000000e+02,-8.643962097167968750e+01
3.850000000000000000e+02,-8.647328186035156250e+01
3.860000000000000000e+02,-8.650396728515625000e+01
3.870000000000000000e+02,-8.653215026855468750e+01
3.880000000000000000e+02,-8.655819702148437500e+01
3.890000000000000000e+02,-8.658235931396484375e+01
3.900000000000000000e+02,-8.660494232177734375e+01
3.910000000000000000e+02,-8.662615966796875000e+01
3.920000000000000000e+02,-8.664614105224609375e+01
3.930000000000000000e+02,-8.666506195068359375e+01
3.940000000000000000e+02,-8.668302917480468750e+01
3.950000000000000000e+02,-8.670016479492187500e+01
3.960000000000000000e+02,-8.671655273437500000e+01
3.970000000000000000e+02,-8.673225402832031250e+01
3.980000000000000000e+02,-8.674735260009765625e+01
3.990000000000000000e+02,-8.676187896728515625e+01
4.000000000000000000e+02,-8.677589416503906250e+01
4.010000000000000000e+02,-8.678945922851562500e+01
4.020000000000000000e+02,-8.680253601074218750e+01
4.030000000000000000e+02,-8.681524658203125000e+01
4.040000000000000000e+02,-8.682752227783203125e+01
4.050000000000000000e+02,-8.683950042724609375e+01
4.060000000000000000e+02,-8.685107421875000000e+01
4.070000000000000000e+02,-8.686235809326171875e+01
4.080000000000000000e+02,-8.687330627441406250e+01
4.090000000000000000e+02,-8.688396453857421875e+01
4.100000000000000000e+02,-8.689434814453125000e+01
4.110000000000000000e+02,-8.690447998046875000e+01
4.120000000000000000e+02,-8.691432952880859375e+01
4.130000000000000000e+02,-8.692391967773437500e+01
4.140000000000000000e+02,-8.693333435058593750e+01
4.150000000000000000e+02,-8.694248199462890625e+01
4.160000000000000000e+02,-8.695137023925781250e+01
4.170000000000000000e+02,-8.696010589599609375e+01
4.180000000000000000e+02,-8.696865844726562500e+01
4.190000000000000000e+02,-8.697694396972656250e+01
4.200000000000000000e+02,-8.698503112792968750e+01
4.210000000000000000e+02,-8.699298858642578125e+01
4.220000000000000000e+02,-8.700081634521484375e+01
4.230000000000000000e+02,-8.700838470458984375e+01
4.240000000000000000e+02,-8.701576232910156250e+01
4.250000000000000000e+02,-8.702301025390625000e+01
4.260000000000000000e+02,-8.703013610839843750e+01
4.270000000000000000e+02,-8.703713226318359375e+01
4.280000000000000000e+02,-8.704389190673828125e+01
4.290000000000000000e+02,-8.705052185058593750e+01
4.300000000000000000e+02,-8.705702209472656250e+01
4.310000000000000000e+02,-8.706340026855468750e+01
4.320000000000000000e+02,-8.706965637207031250e+01
4.330000000000000000e+02,-8.707579803466796875e+01
4.340000000000000000e+02,-8.708179473876953125e+01
4.350000000000000000e+02,-8.708765411376953125e+01
4.360000000000000000e+02,-8.709339141845703125e+01
4.370000000000000000e+02,-8.709900665283203125e+01
4.380000000000000000e+02,-8.710450744628906250e+01
4.390000000000000000e+02,-8.710990142822265625e+01
4.400000000000000000e+02,-8.711524200439453125e+01
4.410000000000000000e+02,-8.712050628662109375e+01
4.420000000000000000e+02,-8.712562561035156250e+01
4.430000000000000000e+02,-8.713061523437500000e+01
4.440000000000000000e+02,-8.713549041748046875e+01
4.450000000000000000e+02,-8.714025878906250000e+01
4.460000000000000000e+02,-8.714492797851562500e+01
4.470000000000000000e+02,-8.714950561523437500e+01
4.480000000000000000e+02,-8.715408325195312500e+01
4.490000000000000000e+02,-8.715866088867187500e+01
4.500000000000000000e+02,-8.716314697265625000e+01
4.510000000000000000e+02,-8.716748046875000000e+01
4.520000000000000000e+02,-8.717168426513671875e+01
4.530000000000000000e+02,-8.717578125000000000e+01
4.540000000000000000e+02,-8.717978668212890625e+01
4.550000000000000000e+02,-8.718370056152343750e+01
4.560000000000000000e+02,-8.718753814697265625e+01
4.570000000000000000e+02,-8.719135284423828125e+01
4.580000000000000000e+02,-8.719516754150390625e+01
4.590000000000000000e+02,-8.719898223876953125e+01
4.600000000000000000e+02,-8.720279693603515625e+01
4.610000000000000000e+02,-8.720658111572265625e+01
4.620000000000000000e+02,-8.721018218994140625e+01
4.630000000000000000e+02,-8.721364593505859375e+01
4.640000000000000000e+02,-8.721700286865234375e+01
4.650000000000000000e+02,-8.722027587890625000e+01
4.660000000000000000e+02,-8.719693756103515625e+01
4.670000000000000000e+02,-8.720513153076171875e+01
4.680000000000000000e+02,-8.721237182617187500e+01
4.690000000000000000e+02,-8.721881866455078125e+01
4.700000000000000000e+02,-8.722458648681640625e+01
4.710000000000000000e+02,-8.722984313964843750e+01
4.720000000000000000e+02,-8.723459625244140625e+01
4.730000000000000000e+02,-8.723905944824218750e+01
4.740000000000000000e+02,-8.724308013916015625e+01
4.750000000000000000e+02,-8.724689483642578125e+01
4.760000000000000000e+02,-8.725060272216796875e+01
4.770000000000000000e+02,-8.725393676757812500e+01
4.780000000000000000e+02,-8.725701141357421875e+01
4.790000000000000000e+02,-8.726006317138671875e+01
4.800000000000000000e+02,-8.726311492919921875e+01
4.810000000000000000e+02,-8.726616668701171875e+01
4.820000000000000000e+02,-8.726909637451171875e+01
4.830000000000000000e+02,-8.727175140380859375e+01
4.840000000000000000e+02,-8.727425384521484375e+01
4.850000000000000000e+02,-8.727665710449218750e+01
4.860000000000000000e+02,-8.727899169921875000e+01
4.870000000000000000e+02,-8.728128051757812500e+01
4.880000000000000000e+02,-8.728356933593750000e+01
4.890000000000000000e+02,-8.728585815429687500e+01
4.900000000000000000e+02,-8.728814697265625000e+01
4.910000000000000000e+02,-8.729043579101562500e+01
4.920000000000000000e+02,-8.729272460937500000e+01
4.930000000000000000e+02,-8.729501342773437500e+01
4.940000000000000000e+02,-8.729730224609375000e+01
4.950000000000000000e+02,-8.729959106445312500e+01
4.960000000000000000e+02,-8.730187988281250000e+01
4.970000000000000000e+02,-8.730416870117187500e+01
4.980000000000000000e+02,-8.730638122558593750e+01
4.990000000000000000e+02,-8.730834197998046875e+01
5.000000000000000000e+02,-8.731021881103515625e+01
5.010000000000000000e+02,-8.731204986572265625e+01
5.020000000000000000e+02,-8.731385040283203125e+01
5.030000000000000000e+02,-8.731562805175781250e+01
5.040000000000000000e+02,-8.731738281250000000e+01
5.050000000000000000e+02,-8.731910705566406250e+01
5.060000000000000000e+02,-8.732081604003906250e+01
5.070000000000000000e+02,-8.732249450683593750e+01
5.080000000000000000e+02,-8.732415771484375000e+01
5.090000000000000000e+02,-8.732579803466796875e+01
5.100000000000000000e+02,-8.732741546630859375e+01
5.110000000000000000e+02,-8.732901000976562500e+01
5.120000000000000000e+02,-8.733058929443359375e+01
5.130000000000000000e+02,-8.733214569091796875e+01
5.140000000000000000e+02,-8.733367919921875000e+01
5.150000000000000000e+02,-8.733520507812500000e+01
5.160000000000000000e+02,-8.733673095703125000e+01
5.170000000000000000e+02,-8.733825683593750000e+01
5.180000000000000000e+02,-8.733978271484375000e+01
5.190000000000000000e+02,-8.734130859375000000e+01
5.200000000000000000e+02,-8.734283447265625000e+01
5.210000000000000000e+02,-8.734436035156250000e+01
5.220000000000000000e+02,-8.734588623046875000e+01
5.230000000000000000e+02,-8.734741210937500000e+01
5.240000000000000000e+02,-8.734893798828125000e+01
5.250000000000000000e+02,-8.735046386718750000e+01
5.260000000000000000e+02,-8.735198974609375000e+01
5.270000000000000000e+02,-8.735351562500000000e+01
5.280000000000000000e+02,-8.735504150390625000e+01
5.290000000000000000e+02,-8.735656738281250000e+01
5.300000000000000000e+02,-8.735809326171875000e+01
5.310000000000000000e+02,-8.735961914062500000e+01
5.320000000000000000e+02,-8.736101531982421875e+01
5.330000000000000000e+02,-8.736219787597656250e+01
5.340000000000000000e+02,-8.736336517333984375e+01
5.350000000000000000e+02,-8.736452484130859375e+01
5.360000000000000000e+02,-8.736566162109375000e+01
5.370000000000000000e+02,-8.736679077148437500e+01
5.380000000000000000e+02,-8.736789703369140625e+01
5.390000000000000000e+02,-8.736899566650390625e+01
5.400000000000000000e+02,-8.737008666992187500e+01
5.410000000000000000e+02,-8.737115478515625000e+01
5.420000000000000000e+02,-8.737221527099609375e+01
5.430000000000000000e+02,-8.737326049804687500e+01
5.440000000000000000e+02,-8.737429046630859375e+01
5.450000000000000000e+02,-8.737531280517578125e+01
5.460000000000000000e+02,-8.737631988525390625e+01
5.470000000000000000e+02,-8.737731933593750000e+01
5.480000000000000000e+02,-8.737830352783203125e+01
5.490000000000000000e+02,-8.737928009033203125e+01
5.500000000000000000e+02,-8.738024902343750000e+01
5.510000000000000000e+02,-8.738120269775390625e+01
5.520000000000000000e+02,-8.738214111328125000e+01
5.530000000000000000e+02,-8.738307952880859375e+01
5.540000000000000000e+02,-8.738399505615234375e+01
5.550000000000000000e+02,-8.738491058349609375e+01
5.560000000000000000e+02,-8.738581085205078125e+01
5.570000000000000000e+02,-8.738669586181640625e+01
5.580000000000000000e+02,-8.738757324218750000e+01
5.590000000000000000e+02,-8.736199188232421875e+01
5.600000000000000000e+02,-8.736802673339843750e+01
5.610000000000000000e+02,-8.737307739257812500e+01
5.620000000000000000e+02,-8.737735748291015625e+01
5.630000000000000000e+02,-8.738105010986328125e+01
5.640000000000000000e+02,-8.738410186767578125e+01
5.650000000000000000e+02,-8.736009216308593750e+01
5.660000000000000000e+02,-8.736738586425781250e+01
5.670000000000000000e+02,-8.737348937988281250e+01
5.680000000000000000e+02,-8.737857055664062500e+01
5.690000000000000000e+02,-8.738286590576171875e+01
5.700000000000000000e+02,-8.738655090332031250e+01
5.710000000000000000e+02,-8.736296081542968750e+01
5.720000000000000000e+02,-8.737059783935546875e+01
5.730000000000000000e+02,-8.737699127197265625e+01
5.740000000000000000e+02,-8.738227081298828125e+01
5.750000000000000000e+02,-8.738670349121093750e+01
5.760000000000000000e+02,-8.739051818847656250e+01
5.770000000000000000e+02,-8.739358520507812500e+01
5.780000000000000000e+02,-8.739630889892578125e+01
5.790000000000000000e+02,-8.739859771728515625e+01
5.800000000000000000e+02,-8.740077972412109375e+01
5.810000000000000000e+02,-8.740230560302734375e+01
5.820000000000000000e+02,-8.740383148193359375e+01
5.830000000000000000e+02,-8.740535736083984375e+01
5.840000000000000000e+02,-8.740688323974609375e+01
5.850000000000000000e+02,-8.740778350830078125e+01
5.860000000000000000e+02,-8.740854644775390625e+01
5.870000000000000000e+02,-8.740930938720703125e+01
5.880000000000000000e+02,-8.741007232666015625e+01
5.890000000000000000e+02,-8.741083526611328125e+01
5.900000000000000000e+02,-8.741159820556640625e+01
5.910000000000000000e+02,-8.741236114501953125e+01
5.920000000000000000e+02,-8.741312408447265625e+01
5.930000000000000000e+02,-8.741388702392578125e+01
5.940000000000000000e+02,-8.741464996337890625e+01
5.950000000000000000e+02,-8.741541290283203125e+01
5.960000000000000000e+02,-8.741617584228515625e+01
5.970000000000000000e+02,-8.741693878173828125e+01
5.980000000000000000e+02,-8.741770172119140625e+01
5.990000000000000000e+02,-8.741846466064453125e+01
6.000000000000000000e+02,-8.741922760009765625e+01
6.010000000000000000e+02,-8.741999053955078125e+01
6.020000000000000000e+02,-8.742075347900390625e+01
6.030000000000000000e+02,-8.742151641845703125e+01
6.040000000000000000e+02,-8.742224884033203125e+01
6.050000000000000000e+02,-8.742276000976562500e+01
6.060000000000000000e+02,-8.742327117919921875e+01
6.070000000000000000e+02,-8.742377471923828125e+01
6.080000000000000000e+02,-8.742427825927734375e+01
6.090000000000000000e+02,-8.742477416992187500e+01
6.100000000000000000e+02,-8.742526245117187500e+01
6.110000000000000000e+02,-8.742574310302734375e+01
6.120000000000000000e+02,-8.742622375488281250e+01
6.130000000000000000e+02,-8.742669677734375000e+01
6.140000000000000000e+02,-8.742716979980468750e+01
6.150000000000000000e+02,-8.742763519287109375e+01
6.160000000000000000e+02,-8.742809295654296875e+01
6.170000000000000000e+02,-8.742854309082031250e+01
6.180000000000000000e+02,-8.742899322509765625e+01
6.190000000000000000e+02,-8.742944335937500000e+01
6.200000000000000000e+02,-8.740312957763671875e+01
6.210000000000000000e+02,-8.740853881835937500e+01
6.220000000000000000e+02,-8.741297149658203125e+01
6.230000000000000000e+02,-8.741670989990234375e+01
6.240000000000000000e+02,-8.741976165771484375e+01
6.250000000000000000e+02,-8.742227935791015625e+01
6.260000000000000000e+02,-8.742456817626953125e+01
6.270000000000000000e+02,-8.742630004882812500e+01
6.280000000000000000e+02,-8.742782592773437500e+01
6.290000000000000000e+02,-8.742935180664062500e+01
6.300000000000000000e+02,-8.743053436279296875e+01
6.310000000000000000e+02,-8.743129730224609375e+01
6.320000000000000000e+02,-8.743206024169921875e+01
6.330000000000000000e+02,-8.743282318115234375e+01
6.340000000000000000e+02,-8.743358612060546875e+01
6.350000000000000000e+02,-8.743434906005859375e+01
6.360000000000000000e+02,-8.743511199951171875e+01
6.370000000000000000e+02,-8.743587493896484375e+01
6.380000000000000000e+02,-8.743663787841796875e+01
6.390000000000000000e+02,-8.743740081787109375e+01
6.400000000000000000e+02,-8.741108703613281250e+01
6.410000000000000000e+02,-8.741646575927734375e+01
6.420000000000000000e+02,-8.742086791992187500e+01
6.430000000000000000e+02,-8.742455291748046875e+01
6.440000000000000000e+02,-8.742760467529296875e+01
6.450000000000000000e+02,-8.743004608154296875e+01
6.460000000000000000e+02,-8.743233489990234375e+01
6.470000000000000000e+02,-8.743392944335937500e+01
6.480000000000000000e+02,-8.743545532226562500e+01
6.490000000000000000e+02,-8.743698120117187500e+01
6.500000000000000000e+02,-8.743787384033203125e+01
6.510000000000000000e+02,-8.743863677978515625e+01
6.520000000000000000e+02,-8.743939971923828125e+01
6.530000000000000000e+02,-8.744016265869140625e+01
6.540000000000000000e+02,-8.744092559814453125e+01
6.550000000000000000e+02,-8.741487884521484375e+01
6.560000000000000000e+02,-8.742048645019531250e+01
6.570000000000000000e+02,-8.742509460449218750e+01
6.580000000000000000e+02,-8.742890930175781250e+01
6.590000000000000000e+02,-8.743196105957031250e+01
6.600000000000000000e+02,-8.743450927734375000e+01
6.610000000000000000e+02,-8.743679809570312500e+01
6.620000000000000000e+02,-8.743846893310546875e+01
6.630000000000000000e+02,-8.743999481201171875e+01
6.640000000000000000e+02,-8.744152069091796875e+01
6.650000000000000000e+02,-8.744241333007812500e+01
6.660000000000000000e+02,-8.744317626953125000e+01
6.670000000000000000e+02,-8.744393920898437500e+01
6.680000000000000000e+02,-8.744470214843750000e+01
6.690000000000000000e+02,-8.744546508789062500e+01
6.700000000000000000e+02,-8.744622802734375000e+01
6.710000000000000000e+02,-8.744699096679687500e+01
6.720000000000000000e+02,-8.744755554199218750e+01
6.730000000000000000e+02,-8.744781494140625000e+01
6.740000000000000000e+02,-8.744806671142578125e+01
6.750000000000000000e+02,-8.744831848144531250e+01
6.760000000000000000e+02,-8.744857025146484375e+01
6.770000000000000000e+02,-8.744882202148437500e+01
6.780000000000000000e+02,-8.744906616210937500e+01
6.790000000000000000e+02,-8.744931030273437500e+01
6.800000000000000000e+02,-8.744955444335937500e+01
6.810000000000000000e+02,-8.744979858398437500e+01
6.820000000000000000e+02,-8.745003509521484375e+01
6.830000000000000000e+02,-8.745027160644531250e+01
6.840000000000000000e+02,-8.745050811767578125e+01
6.850000000000000000e+02,-8.745074462890625000e+01
6.860000000000000000e+02,-8.745097351074218750e+01
6.870000000000000000e+02,-8.745120239257812500e+01
6.880000000000000000e+02,-8.745143127441406250e+01
6.890000000000000000e+02,-8.745164489746093750e+01
6.900000000000000000e+02,-8.745186614990234375e+01
6.910000000000000000e+02,-8.745207977294921875e+01
6.920000000000000000e+02,-8.745230102539062500e+01
6.930000000000000000e+02,-8.745250701904296875e+01
6.940000000000000000e+02,-8.745272064208984375e+01
6.950000000000000000e+02,-8.745292663574218750e+01
6.960000000000000000e+02,-8.742657470703125000e+01
6.970000000000000000e+02,-8.743189239501953125e+01
6.980000000000000000e+02,-8.743623352050781250e+01
6.990000000000000000e+02,-8.743982696533203125e+01
7.000000000000000000e+02,-8.744287872314453125e+01
7.010000000000000000e+02,-8.744517517089843750e+01
7.020000000000000000e+02,-8.744728851318359375e+01
7.030000000000000000e+02,-8.744881439208984375e+01
7.040000000000000000e+02,-8.745034027099609375e+01
7.050000000000000000e+02,-8.745151519775390625e+01
7.060000000000000000e+02,-8.745227813720703125e+01
7.070000000000000000e+02,-8.745304107666015625e+01
7.080000000000000000e+02,-8.745380401611328125e+01
7.090000000000000000e+02,-8.745456695556640625e+01
7.100000000000000000e+02,-8.745532989501953125e+01
7.110000000000000000e+02,-8.745604705810546875e+01
7.120000000000000000e+02,-8.745621490478515625e+01
7.130000000000000000e+02,-8.745639801025390625e+01
7.140000000000000000e+02,-8.745657348632812500e+01
7.150000000000000000e+02,-8.745674896240234375e+01
7.160000000000000000e+02,-8.745692443847656250e+01
7.170000000000000000e+02,-8.745709991455078125e+01
7.180000000000000000e+02,-8.745727539062500000e+01
7.190000000000000000e+02,-8.745744323730468750e+01
7.200000000000000000e+02,-8.745761108398437500e+01
7.210000000000000000e+02,-8.745777130126953125e+01
7.220000000000000000e+02,-8.745793151855468750e+01
7.230000000000000000e+02,-8.745809173583984375e+01
7.240000000000000000e+02,-8.745825195312500000e+01
7.250000000000000000e+02,-8.745841217041015625e+01
7.260000000000000000e+02,-8.745856475830078125e+01
7.270000000000000000e+02,-8.745872497558593750e+01
7.280000000000000000e+02,-8.745887756347656250e+01
7.290000000000000000e+02,-8.745903015136718750e+01
7.300000000000000000e+02,-8.745917510986328125e+01
7.310000000000000000e+02,-8.745932769775390625e+01
7.320000000000000000e+02,-8.745947265625000000e+01
7.330000000000000000e+02,-8.745961761474609375e+01
7.340000000000000000e+02,-8.745976257324218750e+01
7.350000000000000000e+02,-8.745990753173828125e+01
7.360000000000000000e+02,-8.746005249023437500e+01
7.370000000000000000e+02,-8.746019744873046875e+01
7.380000000000000000e+02,-8.746033477783203125e+01
7.390000000000000000e+02,-8.746047210693359375e+01
7.400000000000000000e+02,-8.746060943603515625e+01
7.410000000000000000e+02,-8.746074676513671875e+01
7.420000000000000000e+02,-8.746088409423828125e+01
7.430000000000000000e+02,-8.746102142333984375e+01
7.440000000000000000e+02,-8.746115112304687500e+01
7.450000000000000000e+02,-8.746128845214843750e+01
7.460000000000000000e+02,-8.746141815185546875e+01
7.470000000000000000e+02,-8.746154785156250000e+01
7.480000000000000000e+02,-8.746167755126953125e+01
7.490000000000000000e+02,-8.746180725097656250e+01
7.500000000000000000e+02,-8.746192932128906250e+01
7.510000000000000000e+02,-8.746205902099609375e+01
7.520000000000000000e+02,-8.746218109130859375e+01
7.530000000000000000e+02,-8.746230316162109375e+01
7.540000000000000000e+02,-8.746243286132812500e+01
7.550000000000000000e+02,-8.746255493164062500e+01
7.560000000000000000e+02,-8.746266937255859375e+01
7.570000000000000000e+02,-8.746279144287109375e+01
7.580000000000000000e+02,-8.746291351318359375e+01
7.590000000000000000e+02,-8.746302795410156250e+01
7.600000000000000000e+02,-8.743667602539062500e+01
7.610000000000000000e+02,-8.744196319580078125e+01
7.620000000000000000e+02,-8.744626617431640625e+01
7.630000000000000000e+02,-8.744980621337890625e+01
7.640000000000000000e+02,-8.745278167724609375e+01
7.650000000000000000e+02,-8.745507049560546875e+01
7.660000000000000000e+02,-8.745704650878906250e+01
7.670000000000000000e+02,-8.745857238769531250e+01
7.680000000000000000e+02,-8.746009826660156250e+01
7.690000000000000000e+02,-8.746100616455078125e+01
7.700000000000000000e+02,-8.746176910400390625e+01
7.710000000000000000e+02,-8.746253204345703125e+01
7.720000000000000000e+02,-8.746329498291015625e+01
7.730000000000000000e+02,-8.746405792236328125e+01
7.740000000000000000e+02,-8.746469116210937500e+01
7.750000000000000000e+02,-8.746479034423828125e+01
7.760000000000000000e+02,-8.746488952636718750e+01
7.770000000000000000e+02,-8.746498870849609375e+01
7.780000000000000000e+02,-8.746509552001953125e+01
7.790000000000000000e+02,-8.746519470214843750e+01
7.800000000000000000e+02,-8.746529388427734375e+01
7.810000000000000000e+02,-8.746539306640625000e+01
7.820000000000000000e+02,-8.746549224853515625e+01
7.830000000000000000e+02,-8.746559143066406250e+01
7.840000000000000000e+02,-8.746568298339843750e+01
7.850000000000000000e+02,-8.746578216552734375e+01
7.860000000000000000e+02,-8.746587371826171875e+01
7.870000000000000000e+02,-8.743952178955078125e+01
7.880000000000000000e+02,-8.744479370117187500e+01
7.890000000000000000e+02,-8.744908905029296875e+01
7.900000000000000000e+02,-8.745261383056640625e+01
7.910000000000000000e+02,-8.745556640625000000e+01
7.920000000000000000e+02,-8.745785522460937500e+01
7.930000000000000000e+02,-8.745979309082031250e+01
7.940000000000000000e+02,-8.746131896972656250e+01
7.950000000000000000e+02,-8.746284484863281250e+01
7.960000000000000000e+02,-8.746369171142578125e+01
7.970000000000000000e+02,-8.746445465087890625e+01
7.980000000000000000e+02,-8.746521759033203125e+01
7.990000000000000000e+02,-8.746598052978515625e+01
8.000000000000000000e+02,-8.746674346923828125e+01
8.010000000000000000e+02,-8.746719360351562500e+01
8.020000000000000000e+02,-8.746727752685546875e+01
8.030000000000000000e+02,-8.746736145019531250e+01
8.040000000000000000e+02,-8.746744537353515625e+01
8.050000000000000000e+02,-8.746752166748046875e+01
8.060000000000000000e+02,-8.746760559082031250e+01
8.070000000000000000e+02,-8.746768951416015625e+01
8.080000000000000000e+02,-8.746776580810546875e+01
8.090000000000000000e+02,-8.746784973144531250e+01
8.100000000000000000e+02,-8.746792602539062500e+01
8.110000000000000000e+02,-8.746800231933593750e+01
8.120000000000000000e+02,-8.744165039062500000e+01
8.130000000000000000e+02,-8.742022705078125000e+01
8.140000000000000000e+02,-8.740280914306640625e+01
8.150000000000000000e+02,-8.741536712646484375e+01
8.160000000000000000e+02,-8.739886474609375000e+01
8.170000000000000000e+02,-8.741217803955078125e+01
8.180000000000000000e+02,-8.742301177978515625e+01
8.190000000000000000e+02,-8.743188476562500000e+01
8.200000000000000000e+02,-8.743910217285156250e+01
8.210000000000000000e+02,-8.744490814208984375e+01
8.220000000000000000e+02,-8.744972229003906250e+01
8.230000000000000000e+02,-8.745363616943359375e+01
8.240000000000000000e+02,-8.745677185058593750e+01
8.250000000000000000e+02,-8.745932769775390625e+01
8.260000000000000000e+02,-8.746161651611328125e+01
8.270000000000000000e+02,-8.743661499023437500e+01
8.280000000000000000e+02,-8.744304656982421875e+01
8.290000000000000000e+02,-8.744822692871093750e+01
8.300000000000000000e+02,-8.745247650146484375e+01
8.310000000000000000e+02,-8.745594787597656250e+01
8.320000000000000000e+02,-8.745883178710937500e+01
8.330000000000000000e+02,-8.746112060546875000e+01
8.340000000000000000e+02,-8.746298217773437500e+01
8.350000000000000000e+02,-8.746450805664062500e+01
8.360000000000000000e+02,-8.746600341796875000e+01
8.370000000000000000e+02,-8.746676635742187500e+01
8.380000000000000000e+02,-8.746752929687500000e+01
8.390000000000000000e+02,-8.746829223632812500e+01
8.400000000000000000e+02,-8.746905517578125000e+01
8.410000000000000000e+02,-8.746981811523437500e+01
8.420000000000000000e+02,-8.747003173828125000e+01
8.430000000000000000e+02,-8.747009277343750000e+01
8.440000000000000000e+02,-8.747015380859375000e+01
8.450000000000000000e+02,-8.747021484375000000e+01
8.460000000000000000e+02,-8.747027587890625000e+01
8.470000000000000000e+02,-8.747033691406250000e+01
8.480000000000000000e+02,-8.747039794921875000e+01
8.490000000000000000e+02,-8.747045898437500000e+01
8.500000000000000000e+02,-8.747052001953125000e+01
8.510000000000000000e+02,-8.747057342529296875e+01
8.520000000000000000e+02,-8.747063446044921875e+01
8.530000000000000000e+02,-8.747069549560546875e+01
8.540000000000000000e+02,-8.747074890136718750e+01
8.550000000000000000e+02,-8.747080230712890625e+01
8.560000000000000000e+02,-8.747085571289062500e+01
8.570000000000000000e+02,-8.747090911865234375e+01
8.580000000000000000e+02,-8.747096252441406250e+01
8.590000000000000000e+02,-8.747101593017578125e+01
8.600000000000000000e+02,-8.747106933593750000e+01
8.610000000000000000e+02,-8.747112274169921875e+01
8.620000000000000000e+02,-8.744475555419921875e+01
8.630000000000000000e+02,-8.745001983642578125e+01
8.640000000000000000e+02,-8.745429992675781250e+01
8.650000000000000000e+02,-8.745780181884765625e+01
8.660000000000000000e+02,-8.746071624755859375e+01
8.670000000000000000e+02,-8.746300506591796875e+01
8.680000000000000000e+02,-8.746488952636718750e+01
8.690000000000000000e+02,-8.746641540527343750e+01
8.700000000000000000e+02,-8.746791076660156250e+01
8.710000000000000000e+02,-8.746867370605468750e+01
8.720000000000000000e+02,-8.746943664550781250e+01
8.730000000000000000e+02,-8.747019958496093750e+01
8.740000000000000000e+02,-8.747096252441406250e+01
8.750000000000000000e+02,-8.747172546386718750e+01
8.760000000000000000e+02,-8.747184753417968750e+01
8.770000000000000000e+02,-8.747189331054687500e+01
8.780000000000000000e+02,-8.747193908691406250e+01
8.790000000000000000e+02,-8.747198486328125000e+01
8.800000000000000000e+02,-8.747203063964843750e+01
8.810000000000000000e+02,-8.747207641601562500e+01
8.820000000000000000e+02,-8.747212219238281250e+01
8.830000000000000000e+02,-8.747216796875000000e+01
8.840000000000000000e+02,-8.747221374511718750e+01
8.850000000000000000e+02,-8.747225189208984375e+01
8.860000000000000000e+02,-8.747229766845703125e+01
8.870000000000000000e+02,-8.747234344482421875e+01
8.880000000000000000e+02,-8.747238159179687500e+01
8.890000000000000000e+02,-8.747242736816406250e+01
8.900000000000000000e+02,-8.747246551513671875e+01
8.910000000000000000e+02,-8.747251129150390625e+01
8.920000000000000000e+02,-8.747254943847656250e+01
8.930000000000000000e+02,-8.747259521484375000e+01
8.940000000000000000e+02,-8.747263336181640625e+01
8.950000000000000000e+02,-8.747267913818359375e+01
8.960000000000000000e+02,-8.744631195068359375e+01
8.970000000000000000e+02,-8.742486572265625000e+01
8.980000000000000000e+02,-8.743412017822265625e+01
8.990000000000000000e+02,-8.744168090820312500e+01
9.000000000000000000e+02,-8.744785308837890625e+01
9.010000000000000000e+02,-8.745285034179687500e+01
9.020000000000000000e+02,-8.745693969726562500e+01
9.030000000000000000e+02,-8.746024322509765625e+01
9.040000000000000000e+02,-8.746295928955078125e+01
9.050000000000000000e+02,-8.746524810791015625e+01
9.060000000000000000e+02,-8.746691894531250000e+01
9.070000000000000000e+02,-8.746844482421875000e+01
9.080000000000000000e+02,-8.746971893310546875e+01
9.090000000000000000e+02,-8.747048187255859375e+01
9.100000000000000000e+02,-8.747124481201171875e+01
9.110000000000000000e+02,-8.747200775146484375e+01
9.120000000000000000e+02,-8.747277069091796875e+01
9.130000000000000000e+02,-8.747335052490234375e+01
9.140000000000000000e+02,-8.747338867187500000e+01
9.150000000000000000e+02,-8.747342681884765625e+01
9.160000000000000000e+02,-8.747346496582031250e+01
9.170000000000000000e+02,-8.747350311279296875e+01
9.180000000000000000e+02,-8.747354125976562500e+01
9.190000000000000000e+02,-8.747357177734375000e+01
9.200000000000000000e+02,-8.747360992431640625e+01
9.210000000000000000e+02,-8.747364044189453125e+01
9.220000000000000000e+02,-8.747367858886718750e+01
9.230000000000000000e+02,-8.747370910644531250e+01
9.240000000000000000e+02,-8.747374725341796875e+01
9.250000000000000000e+02,-8.747377777099609375e+01
9.260000000000000000e+02,-8.747380828857421875e+01
9.270000000000000000e+02,-8.747384643554687500e+01
9.280000000000000000e+02,-8.747387695312500000e+01
9.290000000000000000e+02,-8.747390747070312500e+01
9.300000000000000000e+02,-8.747394561767578125e+01
9.310000000000000000e+02,-8.747397613525390625e+01
9.320000000000000000e+02,-8.747400665283203125e+01
9.330000000000000000e+02,-8.747403717041015625e+01
9.340000000000000000e+02,-8.747406768798828125e+01
9.350000000000000000e+02,-8.747410583496093750e+01
9.360000000000000000e+02,-8.747413635253906250e+01
9.370000000000000000e+02,-8.747416687011718750e+01
9.380000000000000000e+02,-8.747419738769531250e+01
9.390000000000000000e+02,-8.747422790527343750e+01
9.400000000000000000e+02,-8.747425842285156250e+01
9.410000000000000000e+02,-8.747428894042968750e+01
9.420000000000000000e+02,-8.747431945800781250e+01
9.430000000000000000e+02,-8.747434997558593750e+01
9.440000000000000000e+02,-8.747438049316406250e+01
9.450000000000000000e+02,-8.747441101074218750e+01
9.460000000000000000e+02,-8.747443389892578125e+01
9.470000000000000000e+02,-8.747446441650390625e+01
9.480000000000000000e+02,-8.747449493408203125e+01
9.490000000000000000e+02,-8.747452545166015625e+01
9.500000000000000000e+02,-8.747455596923828125e+01
9.510000000000000000e+02,-8.747458648681640625e+01
9.520000000000000000e+02,-8.747460937500000000e+01
9.530000000000000000e+02,-8.747463989257812500e+01
9.540000000000000000e+02,-8.747467041015625000e+01
9.550000000000000000e+02,-8.744830322265625000e+01
9.560000000000000000e+02,-8.745355987548828125e+01
9.570000000000000000e+02,-8.745783233642578125e+01
9.580000000000000000e+02,-8.746132659912109375e+01
9.590000000000000000e+02,-8.746422576904296875e+01
9.600000000000000000e+02,-8.746651458740234375e+01
9.610000000000000000e+02,-8.746836090087890625e+01
9.620000000000000000e+02,-8.746988677978515625e+01
9.630000000000000000e+02,-8.747132110595703125e+01
9.640000000000000000e+02,-8.747208404541015625e+01
9.650000000000000000e+02,-8.747284698486328125e+01
9.660000000000000000e+02,-8.747360992431640625e+01
9.670000000000000000e+02,-8.747437286376953125e+01
9.680000000000000000e+02,-8.744812774658203125e+01
9.690000000000000000e+02,-8.745351409912109375e+01
9.700000000000000000e+02,-8.745785522460937500e+01
9.710000000000000000e+02,-8.743470001220703125e+01
9.720000000000000000e+02,-8.744258117675781250e+01
9.730000000000000000e+02,-8.744902801513671875e+01
9.740000000000000000e+02,-8.745421600341796875e+01
9.750000000000000000e+02,-8.743175506591796875e+01
9.760000000000000000e+02,-8.744020080566406250e+01
9.770000000000000000e+02,-8.744708251953125000e+01
9.780000000000000000e+02,-8.745272064208984375e+01
9.790000000000000000e+02,-8.745728302001953125e+01
9.800000000000000000e+02,-8.746099853515625000e+01
9.810000000000000000e+02,-8.746405029296875000e+01
9.820000000000000000e+02,-8.746640014648437500e+01
9.830000000000000000e+02,-8.746846771240234375e+01
9.840000000000000000e+02,-8.746999359130859375e+01
9.850000000000000000e+02,-8.747151947021484375e+01
9.860000000000000000e+02,-8.747240447998046875e+01
9.870000000000000000e+02,-8.747316741943359375e+01
9.880000000000000000e+02,-8.747393035888671875e+01
9.890000000000000000e+02,-8.747469329833984375e+01
9.900000000000000000e+02,-8.747545623779296875e+01
9.910000000000000000e+02,-8.747559356689453125e+01
9.920000000000000000e+02,-8.744922637939453125e+01
9.930000000000000000e+02,-8.745448303222656250e+01
9.940000000000000000e+02,-8.745875549316406250e+01
9.950000000000000000e+02,-8.746224212646484375e+01
9.960000000000000000e+02,-8.746513366699218750e+01
9.970000000000000000e+02,-8.746742248535156250e+01
9.980000000000000000e+02,-8.746926116943359375e+01
9.990000000000000000e+02,-8.747078704833984375e+01
