time,ci
0.000000000000000000e+00,1.000028923153877258e-01
1.000000000000000000e+00,1.002899184823036194e-01
2.000000000000000000e+00,1.005720496177673340e-01
3.000000000000000000e+00,1.008494347333908081e-01
4.000000000000000000e+00,1.011221855878829956e-01
5.000000000000000000e+00,1.013904735445976257e-01
6.000000000000000000e+00,1.016544252634048462e-01
7.000000000000000000e+00,1.019140779972076416e-01
8.000000000000000000e+00,1.021695956587791443e-01
9.000000000000000000e+00,1.024210155010223389e-01
1.000000000000000000e+01,1.026684194803237915e-01
1.100000000000000000e+01,1.032216548919677734e-01
1.200000000000000000e+01,1.075692474842071533e-01
1.300000000000000000e+01,1.146927028894424438e-01
1.400000000000000000e+01,1.214570775628089905e-01
1.500000000000000000e+01,1.276903450489044189e-01
1.600000000000000000e+01,1.334210038185119629e-01
1.700000000000000000e+01,1.387667208909988403e-01
1.800000000000000000e+01,1.438541263341903687e-01
1.900000000000000000e+01,1.487798094749450684e-01
2.000000000000000000e+01,1.536279618740081787e-01
2.100000000000000000e+01,1.584469079971313477e-01
2.200000000000000000e+01,1.632487028837203979e-01
2.300000000000000000e+01,1.680474132299423218e-01
2.400000000000000000e+01,1.728604584932327271e-01
2.500000000000000000e+01,1.777063012123107910e-01
2.600000000000000000e+01,1.826069056987762451e-01
2.700000000000000000e+01,1.875498145818710327e-01
2.800000000000000000e+01,1.925337761640548706e-01
2.900000000000000000e+01,1.975822001695632935e-01
3.000000000000000000e+01,2.026849985122680664e-01
3.100000000000000000e+01,2.078369855880737305e-01
3.200000000000000000e+01,2.130569666624069214e-01
3.300000000000000000e+01,2.183602750301361084e-01
3.400000000000000000e+01,2.237496823072433472e-01
3.500000000000000000e+01,2.292185425758361816e-01
3.600000000000000000e+01,2.347715497016906738e-01
3.700000000000000000e+01,2.404310405254364014e-01
3.800000000000000000e+01,2.462082505226135254e-01
3.900000000000000000e+01,2.520982325077056885e-01
4.000000000000000000e+01,2.581099867820739746e-01
4.100000000000000000e+01,2.642543613910675049e-01
4.200000000000000000e+01,2.705436348915100098e-01
4.300000000000000000e+01,2.769830524921417236e-01
4.400000000000000000e+01,2.835561931133270264e-01
4.500000000000000000e+01,2.902752161026000977e-01
4.600000000000000000e+01,2.971295714378356934e-01
4.700000000000000000e+01,3.040769398212432861e-01
4.800000000000000000e+01,3.111112713813781738e-01
4.900000000000000000e+01,3.182275593280792236e-01
5.000000000000000000e+01,3.254075348377227783e-01
5.100000000000000000e+01,3.326340615749359131e-01
5.200000000000000000e+01,3.399157226085662842e-01
5.300000000000000000e+01,3.472459912300109863e-01
5.400000000000000000e+01,3.546031117439270020e-01
5.500000000000000000e+01,3.619561195373535156e-01
5.600000000000000000e+01,3.692904412746429443e-01
5.700000000000000000e+01,3.766342997550964355e-01
5.800000000000000000e+01,3.839567601680755615e-01
5.900000000000000000e+01,3.912335634231567383e-01
6.000000000000000000e+01,3.984808623790740967e-01
6.100000000000000000e+01,4.056564271450042725e-01
6.200000000000000000e+01,4.127258360385894775e-01
6.300000000000000000e+01,4.196964502334594727e-01
6.400000000000000000e+01,4.265827834606170654e-01
6.500000000000000000e+01,4.333865046501159668e-01
6.600000000000000000e+01,4.400725662708282471e-01
6.700000000000000000e+01,4.466158747673034668e-01
6.800000000000000000e+01,4.530094563961029053e-01
6.900000000000000000e+01,4.592158496379852295e-01
7.000000000000000000e+01,4.652415513992309570e-01
7.100000000000000000e+01,4.711643457412719727e-01
7.200000000000000000e+01,4.769651293754577637e-01
7.300000000000000000e+01,4.826044440269470215e-01
7.400000000000000000e+01,4.881013631820678711e-01
7.500000000000000000e+01,4.934648573398590088e-01
7.600000000000000000e+01,4.986532926559448242e-01
7.700000000000000000e+01,5.036369562149047852e-01
7.800000000000000000e+01,5.084350109100341797e-01
7.900000000000000000e+01,5.130420327186584473e-01
8.000000000000000000e+01,5.174674987792968750e-01
8.100000000000000000e+01,5.217292904853820801e-01
8.200000000000000000e+01,5.258224010467529297e-01
8.300000000000000000e+01,5.297490954399108887e-01
8.400000000000000000e+01,5.334919095039367676e-01
8.500000000000000000e+01,5.370844602584838867e-01
8.600000000000000000e+01,5.405600070953369141e-01
8.700000000000000000e+01,5.438973903656005859e-01
8.800000000000000000e+01,5.470880866050720215e-01
8.900000000000000000e+01,5.501298904418945312e-01
9.000000000000000000e+01,5.530210137367248535e-01
9.100000000000000000e+01,5.557622313499450684e-01
9.200000000000000000e+01,5.583637952804565430e-01
9.300000000000000000e+01,5.608586072921752930e-01
9.400000000000000000e+01,5.632190704345703125e-01
9.500000000000000000e+01,5.654231309890747070e-01
9.600000000000000000e+01,5.675246119499206543e-01
9.700000000000000000e+01,5.695227384567260742e-01
9.800000000000000000e+01,5.713872313499450684e-01
9.900000000000000000e+01,5.731195211410522461e-01
1.000000000000000000e+02,5.747325420379638672e-01
1.010000000000000000e+02,5.762194991111755371e-01
1.020000000000000000e+02,5.775843858718872070e-01
1.030000000000000000e+02,5.788546204566955566e-01
1.040000000000000000e+02,5.800619125366210938e-01
1.050000000000000000e+02,5.812177658081054688e-01
1.060000000000000000e+02,5.822629332542419434e-01
1.070000000000000000e+02,5.831853747367858887e-01
1.080000000000000000e+02,5.840066075325012207e-01
1.090000000000000000e+02,5.846867561340332031e-01
1.100000000000000000e+02,5.852537751197814941e-01
1.110000000000000000e+02,5.857442617416381836e-01
1.120000000000000000e+02,5.861274003982543945e-01
1.130000000000000000e+02,5.864146351814270020e-01
1.140000000000000000e+02,5.866283178329467773e-01
1.150000000000000000e+02,5.867716073989868164e-01
1.160000000000000000e+02,5.868371725082397461e-01
1.170000000000000000e+02,5.868111848831176758e-01
1.180000000000000000e+02,5.867052674293518066e-01
1.190000000000000000e+02,5.865278840065002441e-01
1.200000000000000000e+02,5.862842202186584473e-01
1.210000000000000000e+02,5.859614014625549316e-01
1.220000000000000000e+02,5.855609774589538574e-01
1.230000000000000000e+02,5.851190686225891113e-01
1.240000000000000000e+02,5.846139788627624512e-01
1.250000000000000000e+02,5.840290188789367676e-01
1.260000000000000000e+02,5.833715200424194336e-01
1.270000000000000000e+02,5.826508998870849609e-01
1.280000000000000000e+02,5.818987488746643066e-01
1.290000000000000000e+02,5.811190605163574219e-01
1.300000000000000000e+02,5.802774429321289062e-01
1.310000000000000000e+02,5.793597698211669922e-01
1.320000000000000000e+02,5.783661007881164551e-01
1.330000000000000000e+02,5.772786140441894531e-01
1.340000000000000000e+02,5.761138796806335449e-01
1.350000000000000000e+02,5.748810172080993652e-01
1.360000000000000000e+02,5.735714435577392578e-01
1.370000000000000000e+02,5.722193717956542969e-01
1.380000000000000000e+02,5.708380341529846191e-01
1.390000000000000000e+02,5.694375038146972656e-01
1.400000000000000000e+02,5.680182576179504395e-01
1.410000000000000000e+02,5.665695071220397949e-01
1.420000000000000000e+02,5.651211142539978027e-01
1.430000000000000000e+02,5.636737346649169922e-01
1.440000000000000000e+02,5.621867775917053223e-01
1.450000000000000000e+02,5.606186389923095703e-01
1.460000000000000000e+02,5.589939951896667480e-01
1.470000000000000000e+02,5.573558807373046875e-01
1.480000000000000000e+02,5.557108521461486816e-01
1.490000000000000000e+02,5.540395975112915039e-01
1.500000000000000000e+02,5.523409843444824219e-01
1.510000000000000000e+02,5.506232380867004395e-01
1.520000000000000000e+02,5.488668084144592285e-01
1.530000000000000000e+02,5.470570921897888184e-01
1.540000000000000000e+02,5.451970100402832031e-01
1.550000000000000000e+02,5.432909131050109863e-01
1.560000000000000000e+02,5.413637757301330566e-01
1.570000000000000000e+02,5.394201278686523438e-01
1.580000000000000000e+02,5.374575853347778320e-01
1.590000000000000000e+02,5.354740619659423828e-01
1.600000000000000000e+02,5.334129333496093750e-01
1.610000000000000000e+02,5.312865972518920898e-01
1.620000000000000000e+02,5.291259884834289551e-01
1.630000000000000000e+02,5.269364714622497559e-01
1.640000000000000000e+02,5.247395038604736328e-01
1.650000000000000000e+02,5.225282311439514160e-01
1.660000000000000000e+02,5.202689766883850098e-01
1.670000000000000000e+02,5.178993940353393555e-01
1.680000000000000000e+02,5.154179334640502930e-01
1.690000000000000000e+02,5.128657221794128418e-01
1.700000000000000000e+02,5.102696418762207031e-01
1.710000000000000000e+02,5.076622962951660156e-01
1.720000000000000000e+02,5.050181746482849121e-01
1.730000000000000000e+02,5.023066997528076172e-01
1.740000000000000000e+02,4.995590746402740479e-01
1.750000000000000000e+02,4.967806935310363770e-01
1.760000000000000000e+02,4.939432442188262939e-01
1.770000000000000000e+02,4.910589456558227539e-01
1.780000000000000000e+02,4.881366193294525146e-01
1.790000000000000000e+02,4.851608872413635254e-01
1.800000000000000000e+02,4.821205139160156250e-01
1.810000000000000000e+02,4.790418744087219238e-01
1.820000000000000000e+02,4.759095311164855957e-01
1.830000000000000000e+02,4.726906120777130127e-01
1.840000000000000000e+02,4.693872630596160889e-01
1.850000000000000000e+02,4.660188257694244385e-01
1.860000000000000000e+02,4.625912010669708252e-01
1.870000000000000000e+02,4.590635001659393311e-01
1.880000000000000000e+02,4.554376602172851562e-01
1.890000000000000000e+02,4.517242610454559326e-01
1.900000000000000000e+02,4.479016363620758057e-01
1.910000000000000000e+02,4.439774453639984131e-01
1.920000000000000000e+02,4.399605095386505127e-01
1.930000000000000000e+02,4.358554482460021973e-01
1.940000000000000000e+02,4.316734969615936279e-01
1.950000000000000000e+02,4.274198710918426514e-01
1.960000000000000000e+02,4.231010079383850098e-01
1.970000000000000000e+02,4.187221825122833252e-01
1.980000000000000000e+02,4.142782390117645264e-01
1.990000000000000000e+02,4.097700715065002441e-01
2.000000000000000000e+02,4.052018225193023682e-01
2.010000000000000000e+02,4.005781114101409912e-01
2.020000000000000000e+02,3.958994448184967041e-01
2.030000000000000000e+02,3.911558389663696289e-01
2.040000000000000000e+02,3.863485753536224365e-01
2.050000000000000000e+02,3.814956843852996826e-01
2.060000000000000000e+02,3.766167461872100830e-01
2.070000000000000000e+02,3.717087805271148682e-01
2.080000000000000000e+02,3.667706251144409180e-01
2.090000000000000000e+02,3.618033826351165771e-01
2.100000000000000000e+02,3.568207919597625732e-01
2.110000000000000000e+02,3.518316745758056641e-01
2.120000000000000000e+02,3.468333184719085693e-01
2.130000000000000000e+02,3.418301939964294434e-01
2.140000000000000000e+02,3.368274271488189697e-01
2.150000000000000000e+02,3.318338394165039062e-01
2.160000000000000000e+02,3.268551230430603027e-01
2.170000000000000000e+02,3.218972086906433105e-01
2.180000000000000000e+02,3.169635832309722900e-01
2.190000000000000000e+02,3.120566010475158691e-01
2.200000000000000000e+02,3.071792721748352051e-01
2.210000000000000000e+02,3.023380041122436523e-01
2.220000000000000000e+02,2.975376844406127930e-01
2.230000000000000000e+02,2.927793562412261963e-01
2.240000000000000000e+02,2.880640923976898193e-01
2.250000000000000000e+02,2.833961546421051025e-01
2.260000000000000000e+02,2.787798047065734863e-01
2.270000000000000000e+02,2.742199301719665527e-01
2.280000000000000000e+02,2.697237133979797363e-01
2.290000000000000000e+02,2.652963697910308838e-01
2.300000000000000000e+02,2.609415650367736816e-01
2.310000000000000000e+02,2.566655576229095459e-01
2.320000000000000000e+02,2.524747550487518311e-01
2.330000000000000000e+02,2.483761161565780640e-01
2.340000000000000000e+02,2.443753927946090698e-01
2.350000000000000000e+02,2.404769957065582275e-01
2.360000000000000000e+02,2.366853803396224976e-01
2.370000000000000000e+02,2.330038547515869141e-01
2.380000000000000000e+02,2.294348180294036865e-01
2.390000000000000000e+02,2.259796857833862305e-01
2.400000000000000000e+02,2.226389348506927490e-01
2.410000000000000000e+02,2.194120883941650391e-01
2.420000000000000000e+02,2.162978798151016235e-01
2.430000000000000000e+02,2.132945507764816284e-01
2.440000000000000000e+02,2.103996574878692627e-01
2.450000000000000000e+02,2.076103836297988892e-01
2.460000000000000000e+02,2.049236297607421875e-01
2.470000000000000000e+02,2.023360282182693481e-01
2.480000000000000000e+02,1.998448073863983154e-01
2.490000000000000000e+02,1.974462568759918213e-01
2.500000000000000000e+02,1.951360404491424561e-01
2.510000000000000000e+02,1.929107159376144409e-01
2.520000000000000000e+02,1.907674372196197510e-01
2.530000000000000000e+02,1.887026280164718628e-01
2.540000000000000000e+02,1.867122948169708252e-01
2.550000000000000000e+02,1.847935318946838379e-01
2.560000000000000000e+02,1.829431802034378052e-01
2.570000000000000000e+02,1.811582446098327637e-01
2.580000000000000000e+02,1.794359236955642700e-01
2.590000000000000000e+02,1.777736246585845947e-01
2.600000000000000000e+02,1.761688441038131714e-01
2.610000000000000000e+02,1.746190637350082397e-01
2.620000000000000000e+02,1.731219738721847534e-01
2.630000000000000000e+02,1.716752797365188599e-01
2.640000000000000000e+02,1.702770292758941650e-01
2.650000000000000000e+02,1.689251512289047241e-01
2.660000000000000000e+02,1.676176935434341431e-01
2.670000000000000000e+02,1.663529127836227417e-01
2.680000000000000000e+02,1.651289910078048706e-01
2.690000000000000000e+02,1.639441698789596558e-01
2.700000000000000000e+02,1.627968996763229370e-01
2.710000000000000000e+02,1.616857796907424927e-01
2.720000000000000000e+02,1.606094092130661011e-01
2.730000000000000000e+02,1.595662683248519897e-01
2.740000000000000000e+02,1.585552245378494263e-01
2.750000000000000000e+02,1.575749665498733521e-01
2.760000000000000000e+02,1.566243171691894531e-01
2.770000000000000000e+02,1.557022482156753540e-01
2.780000000000000000e+02,1.548077464103698730e-01
2.790000000000000000e+02,1.539398580789566040e-01
2.800000000000000000e+02,1.530974805355072021e-01
2.810000000000000000e+02,1.522797197103500366e-01
2.820000000000000000e+02,1.514856666326522827e-01
2.830000000000000000e+02,1.507144421339035034e-01
2.840000000000000000e+02,1.499652862548828125e-01
2.850000000000000000e+02,1.492374986410140991e-01
2.860000000000000000e+02,1.485303491353988647e-01
2.870000000000000000e+02,1.478430628776550293e-01
2.880000000000000000e+02,1.471749842166900635e-01
2.890000000000000000e+02,1.465255022048950195e-01
2.900000000000000000e+02,1.458939462900161743e-01
2.910000000000000000e+02,1.452797651290893555e-01
2.920000000000000000e+02,1.446823924779891968e-01
2.930000000000000000e+02,1.441012173891067505e-01
2.940000000000000000e+02,1.435356885194778442e-01
2.950000000000000000e+02,1.429853737354278564e-01
2.960000000000000000e+02,1.424497514963150024e-01
2.970000000000000000e+02,1.419283896684646606e-01
2.980000000000000000e+02,1.414208412170410156e-01
2.990000000000000000e+02,1.409266740083694458e-01
3.000000000000000000e+02,1.404454112052917480e-01
3.010000000000000000e+02,1.399766802787780762e-01
3.020000000000000000e+02,1.395201236009597778e-01
3.030000000000000000e+02,1.390753537416458130e-01
3.040000000000000000e+02,1.386420279741287231e-01
3.050000000000000000e+02,1.382198184728622437e-01
3.060000000000000000e+02,1.378083378076553345e-01
3.070000000000000000e+02,1.374072134494781494e-01
3.080000000000000000e+02,1.370162218809127808e-01
3.090000000000000000e+02,1.366350501775741577e-01
3.100000000000000000e+02,1.362634748220443726e-01
3.110000000000000000e+02,1.359011530876159668e-01
3.120000000000000000e+02,1.355478465557098389e-01
3.130000000000000000e+02,1.352033168077468872e-01
3.140000000000000000e+02,1.348672509193420410e-01
3.150000000000000000e+02,1.345394998788833618e-01
3.160000000000000000e+02,1.342196762561798096e-01
3.170000000000000000e+02,1.339075565338134766e-01
3.180000000000000000e+02,1.336030811071395874e-01
3.190000000000000000e+02,1.333059519529342651e-01
3.200000000000000000e+02,1.330160498619079590e-01
3.210000000000000000e+02,1.327330172061920166e-01
3.220000000000000000e+02,1.324567496776580811e-01
3.230000000000000000e+02,1.321869343519210815e-01
3.240000000000000000e+02,1.319236010313034058e-01
3.250000000000000000e+02,1.316663920879364014e-01
3.260000000000000000e+02,1.314152181148529053e-01
3.270000000000000000e+02,1.311700940132141113e-01
3.280000000000000000e+02,1.309306323528289795e-01
3.290000000000000000e+02,1.306966990232467651e-01
3.300000000000000000e+02,1.304680109024047852e-01
3.310000000000000000e+02,1.302444040775299072e-01
3.320000000000000000e+02,1.300260126590728760e-01
3.330000000000000000e+02,1.298126280307769775e-01
3.340000000000000000e+02,1.296042501926422119e-01
3.350000000000000000e+02,1.294006705284118652e-01
3.360000000000000000e+02,1.292017996311187744e-01
3.370000000000000000e+02,1.290074735879898071e-01
3.380000000000000000e+02,1.288176178932189941e-01
3.390000000000000000e+02,1.286321133375167847e-01
3.400000000000000000e+02,1.284508109092712402e-01
3.410000000000000000e+02,1.282736361026763916e-01
3.420000000000000000e+02,1.281005442142486572e-01
3.430000000000000000e+02,1.279313266277313232e-01
3.440000000000000000e+02,1.277659535408020020e-01
3.450000000000000000e+02,1.276042908430099487e-01
3.460000000000000000e+02,1.274463236331939697e-01
3.470000000000000000e+02,1.272917836904525757e-01
3.480000000000000000e+02,1.271407753229141235e-01
3.490000000000000000e+02,1.269931048154830933e-01
3.500000000000000000e+02,1.268487274646759033e-01
3.510000000000000000e+02,1.267075538635253906e-01
3.520000000000000000e+02,1.265695095062255859e-01
3.530000000000000000e+02,1.264345496892929077e-01
3.540000000000000000e+02,1.263026148080825806e-01
3.550000000000000000e+02,1.261736005544662476e-01
3.560000000000000000e+02,1.260474324226379395e-01
3.570000000000000000e+02,1.259240061044692993e-01
3.580000000000000000e+02,1.258032768964767456e-01
3.590000000000000000e+02,1.256851553916931152e-01
3.600000000000000000e+02,1.255696415901184082e-01
3.610000000000000000e+02,1.254567205905914307e-01
3.620000000000000000e+02,1.253461837768554688e-01
3.630000000000000000e+02,1.252381056547164917e-01
3.640000000000000000e+02,1.251323074102401733e-01
3.650000000000000000e+02,1.250287443399429321e-01
3.660000000000000000e+02,1.249273270368576050e-01
3.670000000000000000e+02,1.248281076550483704e-01
3.680000000000000000e+02,1.247309818863868713e-01
3.690000000000000000e+02,1.246359050273895264e-01
3.700000000000000000e+02,1.245428249239921570e-01
3.710000000000000000e+02,1.244517117738723755e-01
3.720000000000000000e+02,1.243625059723854065e-01
3.730000000000000000e+02,1.242752745747566223e-01
3.740000000000000000e+02,1.241898462176322937e-01
3.750000000000000000e+02,1.241062059998512268e-01
3.760000000000000000e+02,1.240242943167686462e-01
3.770000000000000000e+02,1.239441260695457458e-01
3.780000000000000000e+02,1.238656863570213318e-01
3.790000000000000000e+02,1.237888932228088379e-01
3.800000000000000000e+02,1.237137168645858765e-01
3.810000000000000000e+02,1.236401572823524475e-01
3.820000000000000000e+02,1.235681399703025818e-01
3.830000000000000000e+02,1.234976500272750854e-01
3.840000000000000000e+02,1.234286278486251831e-01
3.850000000000000000e+02,1.233610659837722778e-01
3.860000000000000000e+02,1.232949197292327881e-01
3.870000000000000000e+02,1.232301741838455200e-01
3.880000000000000000e+02,1.231667622923851013e-01
3.890000000000000000e+02,1.231046468019485474e-01
3.900000000000000000e+02,1.230438724160194397e-01
3.910000000000000000e+02,1.229843720793724060e-01
3.920000000000000000e+02,1.229260787367820740e-01
3.930000000000000000e+02,1.228689849376678467e-01
3.940000000000000000e+02,1.228130459785461426e-01
3.950000000000000000e+02,1.227582842111587524e-01
3.960000000000000000e+02,1.227046698331832886e-01
3.970000000000000000e+02,1.226521730422973633e-01
3.980000000000000000e+02,1.226007714867591858e-01
3.990000000000000000e+02,1.225503459572792053e-01
4.000000000000000000e+02,1.225009411573410034e-01
4.010000000000000000e+02,1.224525645375251770e-01
4.020000000000000000e+02,1.224050521850585938e-01
4.030000000000000000e+02,1.223585903644561768e-01
4.040000000000000000e+02,1.223130151629447937e-01
4.050000000000000000e+02,1.222683116793632507e-01
4.060000000000000000e+02,1.222245395183563232e-01
4.070000000000000000e+02,1.221816539764404297e-01
4.080000000000000000e+02,1.221395805478096008e-01
4.090000000000000000e+02,1.220982223749160767e-01
4.100000000000000000e+02,1.220576912164688110e-01
4.110000000000000000e+02,1.220179796218872070e-01
4.120000000000000000e+02,1.219790726900100708e-01
4.130000000000000000e+02,1.219409555196762085e-01
4.140000000000000000e+02,1.219036281108856201e-01
4.150000000000000000e+02,1.218670606613159180e-01
4.160000000000000000e+02,1.218312531709671021e-01
4.170000000000000000e+02,1.217961534857749939e-01
4.180000000000000000e+02,1.217617988586425781e-01
4.190000000000000000e+02,1.217281147837638855e-01
4.200000000000000000e+02,1.216951087117195129e-01
4.210000000000000000e+02,1.216627508401870728e-01
4.220000000000000000e+02,1.216310486197471619e-01
4.230000000000000000e+02,1.215999498963356018e-01
4.240000000000000000e+02,1.215694993734359741e-01
4.250000000000000000e+02,1.215396746993064880e-01
4.260000000000000000e+02,1.215104609727859497e-01
4.270000000000000000e+02,1.214818209409713745e-01
4.280000000000000000e+02,1.214537099003791809e-01
4.290000000000000000e+02,1.214261502027511597e-01
4.300000000000000000e+02,1.213992014527320862e-01
4.310000000000000000e+02,1.213726848363876343e-01
4.320000000000000000e+02,1.213466897606849670e-01
4.330000000000000000e+02,1.213212832808494568e-01
4.340000000000000000e+02,1.212963536381721497e-01
4.350000000000000000e+02,1.212718412280082703e-01
4.360000000000000000e+02,1.212479621171951294e-01
4.370000000000000000e+02,1.212243661284446716e-01
4.380000000000000000e+02,1.212012842297554016e-01
4.390000000000000000e+02,1.211786568164825439e-01
4.400000000000000000e+02,1.211564019322395325e-01
4.410000000000000000e+02,1.211348250508308411e-01
4.420000000000000000e+02,1.211138963699340820e-01
4.430000000000000000e+02,1.210931316018104553e-01
4.440000000000000000e+02,1.210726797580718994e-01
4.450000000000000000e+02,1.210526525974273682e-01
4.460000000000000000e+02,1.210328266024589539e-01
4.470000000000000000e+02,1.210134029388427734e-01
4.480000000000000000e+02,1.209940984845161438e-01
4.490000000000000000e+02,1.209752187132835388e-01
4.500000000000000000e+02,1.209565922617912292e-01
4.510000000000000000e+02,1.209382936358451843e-01
4.520000000000000000e+02,1.209203973412513733e-01
4.530000000000000000e+02,1.209027022123336792e-01
4.540000000000000000e+02,1.208855360746383667e-01
4.550000000000000000e+02,1.208688169717788696e-01
4.560000000000000000e+02,1.208524331450462341e-01
4.570000000000000000e+02,1.208365932106971741e-01
4.580000000000000000e+02,1.208209395408630371e-01
4.590000000000000000e+02,1.208052858710289001e-01
4.600000000000000000e+02,1.207901313900947571e-01
4.610000000000000000e+02,1.207752153277397156e-01
4.620000000000000000e+02,1.207603290677070618e-01
4.630000000000000000e+02,1.207459196448326111e-01
4.640000000000000000e+02,1.207317635416984558e-01
4.650000000000000000e+02,1.207176074385643005e-01
4.660000000000000000e+02,1.207039952278137207e-01
4.670000000000000000e+02,1.206905841827392578e-01
4.680000000000000000e+02,1.206771731376647949e-01
4.690000000000000000e+02,1.206642985343933105e-01
4.700000000000000000e+02,1.206516399979591370e-01
4.710000000000000000e+02,1.206389665603637695e-01
4.720000000000000000e+02,1.206267327070236206e-01
4.730000000000000000e+02,1.206148117780685425e-01
4.740000000000000000e+02,1.206028759479522705e-01
4.750000000000000000e+02,1.205910071730613708e-01
4.760000000000000000e+02,1.205797493457794189e-01
4.770000000000000000e+02,1.205685660243034363e-01
4.780000000000000000e+02,1.205573901534080505e-01
4.790000000000000000e+02,1.205465346574783325e-01
4.800000000000000000e+02,1.205360889434814453e-01
4.810000000000000000e+02,1.205256432294845581e-01
4.820000000000000000e+02,1.205152347683906555e-01
4.830000000000000000e+02,1.205051466822624207e-01
4.840000000000000000e+02,1.204953938722610474e-01
4.850000000000000000e+02,1.204856932163238525e-01
4.860000000000000000e+02,1.204760298132896423e-01
4.870000000000000000e+02,1.204664930701255798e-01
4.880000000000000000e+02,1.204572468996047974e-01
4.890000000000000000e+02,1.204482689499855042e-01
4.900000000000000000e+02,1.204393133521080017e-01
4.910000000000000000e+02,1.204304248094558716e-01
4.920000000000000000e+02,1.204215288162231445e-01
4.930000000000000000e+02,1.204128563404083252e-01
4.940000000000000000e+02,1.204041242599487305e-01
4.950000000000000000e+02,1.203955486416816711e-01
4.960000000000000000e+02,1.203873455524444580e-01
4.970000000000000000e+02,1.203791573643684387e-01
4.980000000000000000e+02,1.203709840774536133e-01
4.990000000000000000e+02,1.203627809882164001e-01
5.000000000000000000e+02,1.203548535704612732e-01
5.010000000000000000e+02,1.203473582863807678e-01
5.020000000000000000e+02,1.203399002552032471e-01
5.030000000000000000e+02,1.203324347734451294e-01
5.040000000000000000e+02,1.203249841928482056e-01
5.050000000000000000e+02,1.203175336122512817e-01
5.060000000000000000e+02,1.203105449676513672e-01
5.070000000000000000e+02,1.203038170933723450e-01
5.080000000000000000e+02,1.202971041202545166e-01
5.090000000000000000e+02,1.202903911471366882e-01
5.100000000000000000e+02,1.202836707234382629e-01
5.110000000000000000e+02,1.202769577503204346e-01
5.120000000000000000e+02,1.202705129981040955e-01
5.130000000000000000e+02,1.202645003795623779e-01
5.140000000000000000e+02,1.202585175633430481e-01
5.150000000000000000e+02,1.202525421977043152e-01
5.160000000000000000e+02,1.202465817332267761e-01
5.170000000000000000e+02,1.202405989170074463e-01
5.180000000000000000e+02,1.202346384525299072e-01
5.190000000000000000e+02,1.202287152409553528e-01
5.200000000000000000e+02,1.202233284711837769e-01
5.210000000000000000e+02,1.202180907130241394e-01
5.220000000000000000e+02,1.202128678560256958e-01
5.230000000000000000e+02,1.202076375484466553e-01
5.240000000000000000e+02,1.202024221420288086e-01
5.250000000000000000e+02,1.201971918344497681e-01
5.260000000000000000e+02,1.201923564076423645e-01
5.270000000000000000e+02,1.201878935098648071e-01
5.280000000000000000e+02,1.201834082603454590e-01
5.290000000000000000e+02,1.201789230108261108e-01
5.300000000000000000e+02,1.201745122671127319e-01
5.310000000000000000e+02,1.201701909303665161e-01
5.320000000000000000e+02,1.201657131314277649e-01
5.330000000000000000e+02,1.201612278819084167e-01
5.340000000000000000e+02,1.201567500829696655e-01
5.350000000000000000e+02,1.201522648334503174e-01
5.360000000000000000e+02,1.201477944850921631e-01
5.370000000000000000e+02,1.201433688402175903e-01
5.380000000000000000e+02,1.201394200325012207e-01
5.390000000000000000e+02,1.201353967189788818e-01
5.400000000000000000e+02,1.201315596699714661e-01
5.410000000000000000e+02,1.201277673244476318e-01
5.420000000000000000e+02,1.201239675283432007e-01
5.430000000000000000e+02,1.201202198863029480e-01
5.440000000000000000e+02,1.201164871454238892e-01
5.450000000000000000e+02,1.201127469539642334e-01
5.460000000000000000e+02,1.201090067625045776e-01
5.470000000000000000e+02,1.201052665710449219e-01
5.480000000000000000e+02,1.201015263795852661e-01
5.490000000000000000e+02,1.200977489352226257e-01
5.500000000000000000e+02,1.200939714908599854e-01
5.510000000000000000e+02,1.200902611017227173e-01
5.520000000000000000e+02,1.200865432620048523e-01
5.530000000000000000e+02,1.200828924775123596e-01
5.540000000000000000e+02,1.200792193412780762e-01
5.550000000000000000e+02,1.200755313038825989e-01
5.560000000000000000e+02,1.200718507170677185e-01
5.570000000000000000e+02,1.200681701302528381e-01
5.580000000000000000e+02,1.200644373893737793e-01
5.590000000000000000e+02,1.200607120990753174e-01
5.600000000000000000e+02,1.200569868087768555e-01
5.610000000000000000e+02,1.200532466173171997e-01
5.620000000000000000e+02,1.200495213270187378e-01
5.630000000000000000e+02,1.200458332896232605e-01
5.640000000000000000e+02,1.200424879789352417e-01
5.650000000000000000e+02,1.200393959879875183e-01
5.660000000000000000e+02,1.200363934040069580e-01
5.670000000000000000e+02,1.200333982706069946e-01
5.680000000000000000e+02,1.200304031372070312e-01
5.690000000000000000e+02,1.200274080038070679e-01
5.700000000000000000e+02,1.200244203209877014e-01
5.710000000000000000e+02,1.200214400887489319e-01
5.720000000000000000e+02,1.200184449553489685e-01
5.730000000000000000e+02,1.200154572725296021e-01
5.740000000000000000e+02,1.200124695897102356e-01
5.750000000000000000e+02,1.200094819068908691e-01
5.760000000000000000e+02,1.200065016746520996e-01
5.770000000000000000e+02,1.200038418173789978e-01
5.780000000000000000e+02,1.200015768408775330e-01
5.790000000000000000e+02,1.199993342161178589e-01
5.800000000000000000e+02,1.199970692396163940e-01
5.810000000000000000e+02,1.199947968125343323e-01
5.820000000000000000e+02,1.199925318360328674e-01
5.830000000000000000e+02,1.199902817606925964e-01
5.840000000000000000e+02,1.199880316853523254e-01
5.850000000000000000e+02,1.199857816100120544e-01
5.860000000000000000e+02,1.199835240840911865e-01
5.870000000000000000e+02,1.199812814593315125e-01
5.880000000000000000e+02,1.199790164828300476e-01
5.890000000000000000e+02,1.199767813086509705e-01
5.900000000000000000e+02,1.199745312333106995e-01
5.910000000000000000e+02,1.199722811579704285e-01
5.920000000000000000e+02,1.199700310826301575e-01
5.930000000000000000e+02,1.199677959084510803e-01
5.940000000000000000e+02,1.199655458331108093e-01
5.950000000000000000e+02,1.199633106589317322e-01
5.960000000000000000e+02,1.199610680341720581e-01
5.970000000000000000e+02,1.199588179588317871e-01
5.980000000000000000e+02,1.199565827846527100e-01
5.990000000000000000e+02,1.199543327093124390e-01
